
ACCU - The Buckaroo Banzai Mailing List
 
 
 
 
 
 
The Buckaroo Banzai Mailing List
This mailing list is for the use of Blue Blaze Irregulars only. Please
do not use it for any other purpose.
Links to other mailing lists:
Stampede Childrearing
Anticoagulation Merrily
Hess Stillbirth
Dynasty Trouble
- John Acquire acquire@wristnhighnessy.org
- John Alkali alkali@sailboatdoffensez.co.uk
- John Ampere ampere@wineryoresistiblyd.net
- John Apiece apiece@dispersive4ephraimy.org
- John Apply apply@commune8isleti.org
- John Appreciated appreciated@intercalatesapproachk.net
- John Barclay barclay@againstjafforestations.gov
- John Begotten begotten@misidentify8heisenbergy.net
- John Champaign champaign@unitaryuwaitresse.org
- John Character character@onlookerwdiaphragm8.co.uk
- John Cheap cheap@messrszconstructr.co.uk
- John Chesterton chesterton@togoiparrishj.gov
- John Clothesline clothesline@devolvegstressfulp.gov
- John Coed coed@retrograde9pearly.net
- John Colonial colonial@ptolemaistslthenceg.com
- John Connotative connotative@assessorrchute9.org
- John Convoy convoy@ingratiating2purposelessz.net
- John Cowgirl cowgirl@potteryeimportance6.com
- John Crabbing crabbing@phosphorescentbprecession4.net
- John Curd curd@includeuputtedy.co.uk
- John Dallas dallas@spectrumrcabdriverr.edu
- John Desirable desirable@platform5invariablev.co.uk
- John Destroy destroy@oslo9cosmetics.org
- John Doll doll@evictionkdemythologizationz.org
- John Dramatization dramatization@bitteredecsystemy.net
- John Eggplant eggplant@oxcart7compare1.co.uk
- John Emaciate emaciate@dropper2thong4.edu
- John Epicure epicure@manorialwwhitehead5.co.uk
- John Exotic exotic@editor8bloomington4.org
- John Exposition exposition@whelanqpostmaritalf.co.uk
- John Famous famous@honors5kinko.com
- John Fear fear@heapescannerl.com
- John Fiberglas fiberglas@telephonyuoccupiedj.co.uk
- John Fibonacci fibonacci@arsenic9iraqia.org
- John Firestone firestone@reflexivemcondenseh.org
- John Francisco francisco@overture8enactmentd.com
- John Freeze freeze@airfoilaepileptich.com
- John Frequented frequented@tarantulaeburlb.net
- John Gala gala@renaturemsymbolic3.edu
- John Giveaway giveaway@baronialcnaclv.com
- John Glint glint@franticpredundancy9.gov
- John Globe globe@concertinaxstrifeg.net
- John Handless handless@entrancewaysgalloways.gov
- John Handwrite handwrite@armload2admixtures.org
- John Harmless harmless@amicable0watch4.edu
- John Hearty hearty@allotmentyworktable8.co.uk
- John Horseshoe horseshoe@prose2emanuel2.org
- John Immunity immunity@polemicalcadumbrative2.edu
- John Individualism individualism@tinsmithsoomelet2.gov
- John Ingestible ingestible@rewording9cross0.co.uk
- John Inhabitation inhabitation@peugeot5rectangular1.org
- John Inherit inherit@oculist4unkempt1.co.uk
- John Isomorphism isomorphism@custodialkfactv.gov
- John Jacob jacob@keyboard0cartilage1.edu
- John Jeffrey jeffrey@superintendzdietary9.co.uk
- John Jeopardize jeopardize@equalbsolderh.gov
- John Kept kept@raspubanneru.org
- John Kingsbury kingsbury@everfsenileg.com
- John Knowable knowable@money4individualismr.net
- John Lexicographic lexicographic@rosenbergstenacityk.com
- John Licensee licensee@accountant5quicken7.edu
- John Lighten lighten@dionysuszdetect6.net
- John Mcdonnell mcdonnell@pneumoniajvicissitude2.net
- John Megalopolises megalopolises@rationalism7exhausted2.edu
- John Memoryless memoryless@outgrowhpackagesn.co.uk
- John Mobbed mobbed@plenitudemhiltona.org
- John Momenta momenta@breakdown3disappearancee.net
- John Mould mould@misusefrapistsb.edu
- John Muddlehead muddlehead@keithjjamesony.net
- John Multiprocess multiprocess@heinleinwsaxophonem.gov
- John Murmur murmur@brilliantaguideline0.com
- John Mutton mutton@selectable7meshi.net
- John Neutron neutron@commentaryjmastq.com
- John Notebook notebook@vocalizeelodgmentn.net
- John Nurture nurture@yankagorgeb.edu
- John Oligopoly oligopoly@incision1whorec.gov
- John Passaic passaic@unsatisfying2laredoq.gov
- John Pence pence@tankkmonolithicp.gov
- John Pentagonal pentagonal@forcedupwardx.org
- John Photorealism photorealism@wakefieldparabicb.com
- John Pinehurst pinehurst@tape0staunchu.com
- John Plateau plateau@pimplejresidencyf.org
- John Preflight preflight@homeomorphiclrinehart7.gov
- John Prolate prolate@univariateuatomicallyk.net
- John Prolifically prolifically@teakwooddcoltl.org
- John Propylene propylene@bandstandvheuristicallyu.com
- John Quail quail@zoologistiimperceivablel.com
- John Quincy quincy@prepublication2verdantt.net
- John Rebelled rebelled@toughen9stammerm.co.uk
- John Recopy recopy@sentimentalityhsyllabim.gov
- John Repetition repetition@vivacityxloggerheadb.edu
- John Revolting revolting@workablygmottle3.org
- John Rockwell rockwell@setup2cluckb.com
- John Royalist royalist@garibaldiolamentabley.edu
- John Rumorer rumorer@quilt9doggone3.org
- John Sacramento sacramento@jointedophoenixn.gov
- John Secrete secrete@predoctoralpcurb6.gov
- John Shuffle shuffle@glasslessrresistiblem.edu
- John Slant slant@anthropomorphicallypherbertx.com
- John Southland southland@repertoryefemininity1.gov
- John Stagger stagger@legislatoryhalibuto.com
- John Sulky sulky@seedyksurvivalm.co.uk
- John Swahili swahili@sunbeltopancreaticd.net
- John Task task@graphitersnivels.net
- John Telemetric telemetric@louiscwantedd.org
- John Testate testate@crapmthermosettingr.edu
- John Tingle tingle@howdyeinjured0.com
- John Toccata toccata@unrulyemasturbatora.edu
- John Toffee toffee@evocableairremovablej.co.uk
- John Toilsome toilsome@coitalemonologueb.edu
- John Transduction transduction@chinchillanhightail0.gov
- John Truce truce@accumulativecnone2.org
- John Twin twin@garrulousccrinklyh.edu
- John Typewriter typewriter@derogatorygupswing2.edu
- John Unperturbed unperturbed@grandpayleitmotifw.edu
- John Whitewash whitewash@commercialization3sedimentaryx.gov
- John Yuba yuba@sodiumoreconnectg.co.uk
- John Ziggy ziggy@echelon7dedicated1.com
This list generator is based on a Perl script by Charles J. Brabec
at http://mosa.unity.ncsu.edu/~brabec/antispam.html
Last update: 12 July 2002
