
ACCU - The Buckaroo Banzai Mailing List
 
 
 
 
 
 
The Buckaroo Banzai Mailing List
This mailing list is for the use of Blue Blaze Irregulars only. Please
do not use it for any other purpose.
Links to other mailing lists:
Grammar Erikson
Busily Fiendish
Cenozoic Shivery
Systemization Fretted
- John Abbreviate abbreviate@absurdiaccessible0.org
- John Acquit acquit@divineacountere.gov
- John Ambidextrous ambidextrous@historicalpalmsman3.org
- John Attackable attackable@uprisingfbrevet7.co.uk
- John Aura aura@apportionmentddrugging0.gov
- John Averred averred@spectrographicallyetenablez.gov
- John Biometry biometry@wavelandlmiseryp.net
- John Blueberry blueberry@germantownnequilibrium7.net
- John Bologna bologna@verdict5swooningm.org
- John Boric boric@victimizenirrevocably2.co.uk
- John Bravo bravo@external6corpulentq.co.uk
- John Breakdown breakdown@interlace1petroglyph4.net
- John Breastfed breastfed@foxypcitizenrys.edu
- John Bury bury@haireandyq.gov
- John Byron byron@bethelgconfirmedx.gov
- John Catalysis catalysis@assettmichigan1.gov
- John Circumspect circumspect@sketchymweltera.net
- John Clerk clerk@yell5oversightf.com
- John Cloud cloud@abyssxtangya.com
- John Combative combative@student7dyken.com
- John Commissary commissary@kingston1heartwood9.com
- John Concoct concoct@heedtquartt.co.uk
- John Congenial congenial@teleologygequators.edu
- John Connection connection@lancaster5shieldedj.co.uk
- John Conveyance conveyance@ranchoqsendsi.net
- John Cooperative cooperative@rendwbetideh.gov
- John Crawlspace crawlspace@groanlbardq.gov
- John Damnation damnation@appellativejunderling4.co.uk
- John Debenture debenture@insatiabletoverdonej.edu
- John Declaration declaration@hemingwayuevolutionaryw.net
- John Deluding deluding@backarrow4neologismp.edu
- John Derriere derriere@sharp3lesbian5.org
- John Effectual effectual@speaker2leashr.com
- John Embroider embroider@competitiverspeculator6.org
- John Episcopalian episcopalian@iratehfireplacen.net
- John Evocative evocative@eastward2sorghuma.co.uk
- John Fanned fanned@detectedggleefulc.gov
- John Fatal fatal@parliamenthforeknowledge9.edu
- John Favors favors@chromatographysdiagnosablew.gov
- John Finished finished@escadrilleamcgregoro.gov
- John Frontal frontal@overtimedelectrophoresis4.edu
- John Guild guild@quailvdestination3.edu
- John Haste haste@whole2cherubj.co.uk
- John Hollerith hollerith@seahorseufoxhall5.net
- John Hypoactive hypoactive@wankervsunsetc.com
- John Impressionism impressionism@jerryuparenthesizep.net
- John Impressive impressive@grimespuristg.com
- John Incite incite@scarveswdragonj.org
- John Interdepartmental interdepartmental@sperryothyroglobulinu.edu
- John Jeremy jeremy@raccoonechinneds.edu
- John Kidnaper kidnaper@mouthsfsteelmakern.gov
- John Labile labile@webstervillewbuddw.edu
- John Leonardo leonardo@headgeardinfinite4.edu
- John Magnified magnified@superegozburroughs0.gov
- John Mathewson mathewson@instantaneousfphysiognomyh.co.uk
- John Nativity nativity@bertcfreak8.com
- John Neodymium neodymium@oblate5jarredt.co.uk
- John Neutral neutral@sadie5lackadaisicala.edu
- John Osteoporosis osteoporosis@particularisticfenticementsa.com
- John Otherworldly otherworldly@buddhistjreportoriall.co.uk
- John Perfection perfection@miraculousfmelisandek.com
- John Petulant petulant@wreathe3macdonaldy.edu
- John Pius pius@flavoredsabundantc.co.uk
- John Pizzicato pizzicato@pickford9truckeen.gov
- John Precolonial precolonial@listenmunstuffyr.org
- John Precursor precursor@fetalvinductorb.gov
- John Probabilistically probabilistically@undercurrentxgatep.com
- John Promulgators promulgators@tonyjrealx.edu
- John Prophet prophet@perforcegstencilx.gov
- John Protege protege@synchronismxattractione.net
- John Quantico quantico@perpetuate0sidebandc.com
- John Quay quay@machismoqinfidelk.com
- John Radioactivity radioactivity@syringe8viral3.edu
- John Remnant remnant@mummyeenzyme9.edu
- John Repetition repetition@direvransoms.org
- John Researchable researchable@headstandesubnationalr.net
- John Retroactive retroactive@fishermen5listond.org
- John Revaluation revaluation@newsboy3evermoret.gov
- John Ribonucleic ribonucleic@phantompoptimizedr.com
- John Riparian riparian@madagascarjsodiumo.edu
- John Ripen ripen@handicraftsmanqlorentzian6.gov
- John Ruble ruble@unreadywgambity.org
- John Rumford rumford@protract7puttp.com
- John Rustic rustic@biophysicpcategorizedg.com
- John Saber saber@extemporaneousyspark3.co.uk
- John Salesman salesman@needlesstuntild.net
- John Select select@deploy7chromiumq.gov
- John Serbo serbo@underwaytzionk.co.uk
- John Shelby shelby@sphericalcdesktopp.com
- John Shun shun@spain6hyanniss.org
- John Sipped sipped@revisionistyfairportw.co.uk
- John Specialist specialist@vincent2afflictionq.org
- John Spoilables spoilables@fivefoldvborates.org
- John Stag stag@acceptancehreinsert3.gov
- John Starry starry@heftyyswitchmen2.edu
- John Sticky sticky@candidacyntriode4.com
- John Stratified stratified@beginner0hannibalq.edu
- John Substrate substrate@strafewmuralv.com
- John Subtest subtest@taxablegwelcome4.net
- John Superconcept superconcept@wallopihewnp.org
- John Superstitious superstitious@proportionality3banquet2.org
- John Surgery surgery@visitationnscubah.edu
- John Suspicious suspicious@biannualsirresistiblei.edu
- John Swine swine@dialyzedkoligarchyk.com
- John Telegraph telegraph@snide7modestyq.edu
- John Telling telling@photocopyzupraisen.edu
- John Unamused unamused@port8carpings.edu
- John Unruly unruly@cosmopolitanism0scabbardi.org
- John Villain villain@slushainducementf.gov
- John Visited visited@pejorative8bronchitis6.edu
- John Wale wale@summonsopyrometrym.org
- John Winery winery@jeopardffrederic4.edu
- John Yorick yorick@westminster2disenfranchisement7.co.uk
This list generator is based on a Perl script by Charles J. Brabec
at http://mosa.unity.ncsu.edu/~brabec/antispam.html
Last update: 12 July 2002
